{
    "feat_drop": 0.2,
    "attn_drop": 0.30000000000000004,
    "nhead": 4,
    "num_hidden": 1024,
    "LR": 0.00014911063734877325,
    "LR_f": 0.001868720327448783,
    "weight_decay_f": 0.000016353299469262238,
    "alpha": 1,
    "alpha_l": 1,
    "decay": 20,
    "norm": "batchnorm",
    "beta_schedule": "sigmoid",
    "beta_1": 0.00009064518879876235,
    "beta_T": 0.06145430769759989,
    "T": 423.57693268035916
}