{
    "feat_drop": 0.1,
    "attn_drop": 0.30000000000000004,
    "nhead": 4,
    "num_hidden": 1024,
    "LR": 0.000059052598224579665,
    "LR_f": 0.0008306387422633891,
    "weight_decay_f": 0.000004357724640129446,
    "alpha": 1,
    "alpha_l": 3,
    "decay": 30,
    "norm": "layernorm",
    "beta_schedule": "sigmoid",
    "beta_1": 0.000498919890653928,
    "beta_T": 0.052885733911001744,
    "T": 870.1535571539575
}