{
    "feat_drop": 0.2,
    "attn_drop": 0.4,
    "nhead": 4,
    "num_hidden": 1024,
    "LR": 0.00017533667447018291,
    "LR_f": 0.0011968000247534107,
    "weight_decay_f": 0.0008085461520382234,
    "alpha": 1,
    "alpha_l": 2,
    "decay": 10,
    "norm": "layernorm",
    "beta_schedule": "const",
    "beta_1": 0.00045192826273998145,
    "beta_T": 0.09275724691731281,
    "T": 408.8727660489
}