{
    "feat_drop": 0.4,
    "attn_drop": 0.2,
    "nhead": 4,
    "num_hidden": 512,
    "LR": 0.00018765505300375018,
    "LR_f": 0.03615207171929937,
    "weight_decay_f": 0.0007562446446127072,
    "alpha": 1,
    "alpha_l": 1,
    "decay": 20,
    "norm": "batchnorm",
    "beta_schedule": "quad",
    "beta_1": 0.0003068153897945834,
    "beta_T": 0.007175081620921913,
    "T": 688.8956772672298
}